Report date,Publication date,Confirmed cases,Probable cases,Cumulative cases,Cumulative deaths,Cumulative recoveries,Net case change,Net death change,Days since previous report,Source
2018-08-03,2018-08-04,13,30,43,33,,,,,https://mailchi.mp/8bfa0c09fe7b/ebola_kivu_4aout
2018-08-05,2018-08-06,16,27,43,34,,0,1,2,https://mailchi.mp/70213f4262fb/ebola_kivu_6aout
2018-08-06,2018-08-07,16,27,43,36,,0,2,1,https://mailchi.mp/526091c2d161/ebola_kivu_7aout
2018-08-07,2018-08-08,17,27,44,36,,1,0,1,https://mailchi.mp/80a23d454958/ebola_kivu_8aout
2018-08-08,2018-08-09,17,27,44,37,,0,1,1,https://mailchi.mp/4cc2513a9f7d/ebola_kivu_9aout
2018-08-09,2018-08-10,21,27,48,38,,4,1,1,https://mailchi.mp/68ac0a236b26/ebola_kivu_10aout
2018-08-10,2018-08-11,22,27,49,38,,1,0,1,https://mailchi.mp/17136ac871cd/ebola_kivu_11aout
2018-08-11,2018-08-12,25,27,52,39,,3,1,1,https://mailchi.mp/5740eb659e90/ebola_kivu_12aout
2018-08-12,2018-08-13,30,27,57,41,,5,2,1,https://mailchi.mp/de936e52fb17/ebola_kivu_13aout
2018-08-13,2018-08-14,39,27,66,42,,9,1,1,https://mailchi.mp/37b7545e3544/ebola_kivu_14aout
2018-08-14,2018-08-15,46,27,73,43,,7,1,1,https://mailchi.mp/96767bcd0575/ebola_kivu_15aout
2018-08-15,2018-08-16,51,27,78,44,,5,1,1,https://mailchi.mp/2d5b7a2d510a/ebola_kivu_16aout
2018-08-16,2018-08-17,60,27,87,47,,9,3,1,https://mailchi.mp/74a121fdd538/ebola_kivu_17aout
2018-08-17,2018-08-18,63,27,90,49,,3,2,1,https://mailchi.mp/758eb254afd1/ebola_kivu_18aout
2018-08-18,2018-08-19,64,27,91,50,,1,1,1,https://mailchi.mp/231176da338d/ebola_kivu_19aout
2018-08-19,2018-08-20,69,27,96,55,,5,5,1,https://mailchi.mp/bad94a83ea28/ebola_kivu_20aout
2018-08-20,2018-08-21,75,27,102,59,,6,4,1,https://mailchi.mp/58d0398606a4/ebola_kivu_21aout
2018-08-21,2018-08-22,76,27,103,61,,1,2,1,https://mailchi.mp/9abcbef79b2c/ebola_kivu_22aout
2018-08-22,2018-08-23,76,27,103,63,,0,2,1,https://mailchi.mp/ad8db275a17f/ebola_kivu_23aout
2018-08-23,2018-08-24,77,28,105,67,,2,4,1,https://mailchi.mp/970b172dfebc/ebola_kivu_24aout
2018-08-24,2018-08-25,79,28,107,70,,2,3,1,https://mailchi.mp/c9c7043a5a23/ebola_kivu_25aout
2018-08-25,2018-08-26,83,28,111,72,,4,2,1,https://mailchi.mp/9feedcd3907b/ebola_kivu_26aout
2018-08-26,2018-08-27,83,28,111,75,,0,3,1,https://mailchi.mp/4b1528882fd6/ebola_kivu_27aout
2018-08-27,2018-08-28,84,28,112,75,,1,0,1,https://mailchi.mp/49dc88255f69/ebola_kivu_28aout
2018-08-28,2018-08-29,85,30,115,77,,3,2,1,https://mailchi.mp/aa63872541fd/ebola_kivu_29aout
2018-08-29,2018-08-30,86,30,116,77,,1,0,1,https://mailchi.mp/1012b27227bc/ebola_kivu_30aout
2018-08-30,2018-08-31,88,30,118,77,,2,0,1,https://mailchi.mp/230a80c1c317/ebola_kivu_31aout
2018-08-31,2018-09-01,90,30,120,78,,2,1,1,https://mailchi.mp/221fb6ed0a42/ebola_kivu_1sept
2018-09-01,2018-09-02,90,30,120,80,,0,2,1,https://mailchi.mp/fe4fb528194b/ebola_kivu_2sept
2018-09-02,2018-09-03,91,30,121,81,,1,1,1,https://mailchi.mp/f0e9bc8d9e2e/ebola_kivu_3sept
2018-09-03,2018-09-04,93,31,124,85,,3,4,1,https://mailchi.mp/b54b63c3f920/ebola_kivu_4sept
2018-09-04,2018-09-05,96,31,127,87,,3,2,1,https://mailchi.mp/534570505aa4/ebola_kivu_5sept-erratum
2018-09-05,2018-09-06,98,31,129,89,,2,2,1,https://us13.campaign-archive.com/?u=89e5755d2cca4840b1af93176&id=540896bcd7
2018-09-06,2018-09-07,98,31,129,89,33,0,0,1,https://mailchi.mp/d8019cbd3724/ebola_kivu_7sept
2018-09-07,2018-09-08,100,31,131,90,35,2,1,1,https://mailchi.mp/b0c4027473ad/ebola_kivu_8sept
2018-09-08,2018-09-09,100,31,131,90,35,0,0,1,https://mailchi.mp/363955d77983/ebola_kivu_9sept
2018-09-09,2018-09-10,101,31,132,91,36,1,1,1,https://mailchi.mp/196210a9e992/ebola_kivu_10sept
2018-09-10,2018-09-11,101,31,132,92,37,0,1,1,https://mailchi.mp/ff1463ead572/ebola_kivu_11sept
2018-09-11,2018-09-12,102,31,133,92,37,1,0,1,https://mailchi.mp/1644c6a622ef/ebola_kivu_12sept
2018-09-12,2018-09-13,106,31,137,92,37,4,0,1,https://mailchi.mp/c58e80fafe6f/ebola_kivu_13sept
2018-09-13,2018-09-14,109,31,140,94,37,3,2,1,https://mailchi.mp/820051e5d093/ebola_kivu_14sept
2018-09-14,2018-09-15,109,31,140,95,37,0,1,1,https://mailchi.mp/2e6744c50cf5/ebola_kivu_15sept
2018-09-15,2018-09-16,111,31,142,97,38,2,2,1,https://mailchi.mp/b9f8278091fc/ebola_kivu_16sept
2018-09-16,2018-09-17,111,31,142,97,38,0,0,1,https://mailchi.mp/822fafac8a55/ebola_kivu_17sept
2018-09-17,2018-09-18,111,31,142,97,38,0,0,1,https://mailchi.mp/eec05154b8e8/ebola_kivu_18sept
2018-09-18,2018-09-19,111,31,142,97,38,0,0,1,https://mailchi.mp/695bb330c6a4/ebola_kivu_19sept
2018-09-19,2018-09-20,112,31,143,97,39,1,0,1,https://mailchi.mp/38deffc31ebf/ebola_kivu_20sept
2018-09-20,2018-09-21,116,31,147,99,39,4,2,1,https://mailchi.mp/4bc95ae1768f/ebola_kivu_21sept
2018-09-21,2018-09-22,116,31,147,99,40,0,0,1,https://mailchi.mp/9de66c89895d/ebola_kivu_22sept
2018-09-22,2018-09-23,118,31,149,100,40,2,1,1,https://mailchi.mp/ca153def9618/ebola_kivu_23sept
2018-09-23,2018-09-24,119,31,150,100,41,1,0,1,https://mailchi.mp/efc69f724562/ebola_kivu_24sept
2018-09-24,2018-09-25,120,31,151,101,41,1,1,1,https://mailchi.mp/13493f87482a/ebola_kivu_25sept
2018-09-25,2018-09-26,120,31,151,101,41,0,0,1,https://mailchi.mp/fe4b2f287c8d/ebola_kivu_26sept
2018-09-26,2018-09-27,123,31,154,101,43,3,0,1,https://mailchi.mp/sante.gouv.cd/ebola_kivu_27sept
2018-09-27,2018-09-28,124,31,155,102,45,1,1,1,https://mailchi.mp/sante.gouv.cd/ebola_kivu_28sept
2018-09-28,2018-09-29,126,31,157,102,45,2,0,1,https://mailchi.mp/sante.gouv.cd/ebola_kivu_29sept
2018-09-29,2018-09-30,127,32,159,104,45,2,2,1,https://mailchi.mp/sante.gouv.cd/ebola_kivu_30sept
2018-09-30,2018-10-01,129,32,161,105,45,2,1,1,https://mailchi.mp/sante.gouv.cd/ebola_kivu_1oct
2018-10-01,2018-10-02,129,32,161,106,45,0,1,1,https://mailchi.mp/sante.gouv.cd/ebola_kivu_2oct
2018-10-02,2018-10-03,130,32,162,106,46,1,0,1,https://mailchi.mp/sante.gouv.cd/ebola_kivu_3oct
2018-10-03,2018-10-04,133,32,165,106,47,3,0,1,https://us13.campaign-archive.com/?u=89e5755d2cca4840b1af93176&id=9363c70c25
2018-10-04,2018-10-05,135,32,167,106,48,2,0,1,https://mailchi.mp/sante.gouv.cd/ebola_kivu_5oct
2018-10-05,2018-10-06,140,32,172,108,49,5,2,1,https://mailchi.mp/sante.gouv.cd/ebola_kivu_6oct
2018-10-06,2018-10-07,142,35,177,113,50,5,5,1,https://mailchi.mp/sante.gouv.cd/ebola_kivu_7oct
2018-10-07,2018-10-08,146,35,181,115,50,4,2,1,https://mailchi.mp/sante.gouv.cd/ebola_kivu_8oct
2018-10-08,2018-10-09,153,35,188,118,51,7,3,1,https://mailchi.mp/sante.gouv.cd/ebola_kivu_9oct-erratum
2018-10-09,2018-10-10,159,35,194,122,53,6,4,1,https://mailchi.mp/sante.gouv.cd/ebola_kivu_10oct
2018-10-10,2018-10-11,165,35,200,125,53,6,3,1,https://mailchi.mp/sante.gouv.cd/ebola_kivu_11oct_erratum
2018-10-11,2018-10-12,170,35,205,130,54,5,5,1,https://mailchi.mp/sante.gouv.cd/ebola_kivu_12oct
2018-10-12,2018-10-13,172,35,207,130,54,2,0,1,https://mailchi.mp/sante.gouv.cd/ebola_kivu_13oct
2018-10-13,2018-10-14,176,35,211,135,55,4,5,1,https://mailchi.mp/sante.gouv.cd/ebola_kivu_14oct
2018-10-14,2018-10-15,179,35,214,139,55,3,4,1,https://mailchi.mp/sante.gouv.cd/ebola_kivu_15oct
2018-10-15,2018-10-16,181,35,216,139,57,2,0,1,https://mailchi.mp/sante.gouv.cd/ebola_kivu_16oct
2018-10-16,2018-10-17,185,35,220,142,57,4,3,1,https://mailchi.mp/sante.gouv.cd/ebola_kivu_17oct
2018-10-17,2018-10-18,188,35,223,144,57,3,2,1,https://mailchi.mp/sante.gouv.cd/ebola_kivu_18oct
2018-10-18,2018-10-19,192,35,227,147,58,4,3,1,https://mailchi.mp/sante.gouv.cd/ebola_kivu_19oct
2018-10-19,2018-10-20,200,35,235,152,61,8,5,1,https://mailchi.mp/sante.gouv.cd/ebola_kivu_20oct
2018-10-20,2018-10-21,202,35,237,153,63,2,1,1,https://mailchi.mp/sante.gouv.cd/ebola_kivu_21oct-erratum
2018-10-21,2018-10-22,203,35,238,155,63,1,2,1,https://mailchi.mp/sante.gouv.cd/ebola_kivu_22oct
2018-10-22,2018-10-23,209,35,244,157,63,6,2,1,https://mailchi.mp/sante.gouv.cd/ebola_kivu_23oct
2018-10-23,2018-10-24,212,35,247,159,65,3,2,1,https://mailchi.mp/sante.gouv.cd/ebola_kivu_24oct
2018-10-24,2018-10-25,216,35,251,162,67,4,3,1,https://mailchi.mp/sante.gouv.cd/ebola_kivu_25oct
2018-10-25,2018-10-26,222,35,257,164,67,6,2,1,https://mailchi.mp/sante.gouv.cd/ebola_kivu_26oct
2018-10-26,2018-10-27,231,35,266,168,70,9,4,1,https://mailchi.mp/sante.gouv.cd/ebola_kivu_27oct
2018-10-27,2018-10-28,232,35,267,170,70,1,2,1,https://mailchi.mp/sante.gouv.cd/ebola_kivu_28oct
2018-10-28,2018-10-29,239,35,274,174,73,7,4,1,https://mailchi.mp/sante.gouv.cd/ebola_kivu_29oct
2018-10-29,2018-10-30,241,35,276,175,74,2,1,1,https://mailchi.mp/sante.gouv.cd/ebola_kivu_30oct
2018-10-30,2018-10-31,244,35,279,179,81,3,4,1,https://mailchi.mp/sante.gouv.cd/ebola_kivu_31oct
2018-10-31,2018-11-01,250,35,285,180,81,6,1,1,https://mailchi.mp/sante.gouv.cd/ebola_kivu_1nov
2018-11-01,2018-11-02,252,35,287,181,81,2,1,1,https://mailchi.mp/sante.gouv.cd/ebola_kivu_2nov
2018-11-02,2018-11-03,258,35,293,182,81,6,1,1,https://mailchi.mp/sante.gouv.cd/ebola_kivu_3nov
2018-11-03,2018-11-04,263,35,298,186,81,5,4,1,https://mailchi.mp/sante.gouv.cd/ebola_kivu_4nov
2018-11-04,2018-11-05,265,35,300,186,88,2,0,1,https://mailchi.mp/sante.gouv.cd/ebola_kivu_5nov
2018-11-05,2018-11-06,270,35,305,189,88,5,3,1,https://mailchi.mp/sante.gouv.cd/ebola_kivu_6nov
2018-11-06,2018-11-07,273,35,308,191,91,3,2,1,https://mailchi.mp/sante.gouv.cd/ebola_kivu_7nov
2018-11-07,2018-11-08,277,35,312,191,91,4,0,1,https://mailchi.mp/sante.gouv.cd/ebola_kivu_8nov
2018-11-08,2018-11-09,284,35,319,198,97,7,7,1,https://mailchi.mp/sante.gouv.cd/ebola_kivu_9nov
2018-11-09,2018-11-10,291,35,326,201,98,7,3,1,https://mailchi.mp/sante.gouv.cd/ebola_kivu_10nov
2018-11-10,2018-11-11,294,35,329,205,,3,4,1,https://mailchi.mp/sante.gouv.cd/ebola_kivu_11nov
2018-11-11,2018-11-12,295,38,333,209,,4,4,1,https://mailchi.mp/sante.gouv.cd/ebola_kivu_12nov
2018-11-12,2018-11-13,301,38,339,,,6,-209,1,https://mailchi.mp/sante.gouv.cd/ebola_kivu_13nov
2018-11-13,2018-11-14,303,38,341,215,,2,215,1,https://mailchi.mp/sante.gouv.cd/ebola_kivu_14nov
2018-11-14,2018-11-15,304,40,344,202,,3,-13,1,https://mailchi.mp/sante.gouv.cd/ebola_kivu_15nov
2018-11-15,2018-11-16,305,47,352,210,,8,8,1,https://mailchi.mp/sante.gouv.cd/ebola_kivu_16nov
2018-11-16,2018-11-17,311,47,358,213,,6,3,1,https://mailchi.mp/sante.gouv.cd/ebola_kivu_17nov
2018-11-17,2018-11-18,319,47,366,214,,8,1,1,https://mailchi.mp/sante.gouv.cd/ebola_kivu_18nov
2018-11-18,2018-11-19,326,47,373,216,,7,2,1,https://mailchi.mp/sante.gouv.cd/ebola_kivu_19nov
2018-11-19,2018-11-20,326,47,373,217,,0,1,1,https://mailchi.mp/sante.gouv.cd/ebola_kivu_20nov
2018-11-20,2018-11-21,339,47,386,219,,13,2,1,https://mailchi.mp/sante.gouv.cd/ebola_kivu_21nov
2018-11-21,2018-11-22,346,47,393,222,,7,3,1,https://mailchi.mp/sante.gouv.cd/ebola_kivu_22nov
2018-11-22,2018-11-23,352,47,399,228,,6,6,1,https://mailchi.mp/sante.gouv.cd/ebola_kivu_23nov
2018-11-23,2018-11-24,356,47,403,231,,4,3,1,https://mailchi.mp/sante.gouv.cd/ebola_kivu_24nov
2018-11-24,2018-11-25,365,47,412,236,,9,5,1,https://mailchi.mp/sante.gouv.cd/ebola_kivu_25nov
2018-11-25,2018-11-26,372,47,419,240,,7,4,1,https://mailchi.mp/sante.gouv.cd/ebola_kivu_26nov
2018-11-26,2018-11-27,374,47,421,241,,2,1,1,https://mailchi.mp/sante.gouv.cd/ebola_kivu_27nov
2018-11-27,2018-11-28,375,47,422,242,,1,1,1,https://mailchi.mp/sante.gouv.cd/ebola_kivu_28nov
2018-11-28,2018-11-29,379,47,426,245,,4,3,1,https://mailchi.mp/sante.gouv.cd/ebola_kivu_29nov
2018-11-29,2018-11-30,380,48,428,248,,2,3,1,https://mailchi.mp/sante.gouv.cd/ebola_kivu_30nov
2018-11-30,2018-12-01,386,48,434,252,,6,4,1,https://mailchi.mp/sante.gouv.cd/ebola_kivu_1dec
2018-12-01,2018-12-02,392,48,440,255,,6,3,1,https://mailchi.mp/sante.gouv.cd/ebola_kivu_2dec
2018-12-02,2018-12-03,396,48,444,260,,4,5,1,https://mailchi.mp/sante.gouv.cd/ebola_kivu_3dec
2018-12-03,2018-12-04,405,48,453,268,,9,8,1,https://mailchi.mp/sante.gouv.cd/ebola_kivu_4dec
2018-12-04,2018-12-05,410,48,458,271,,5,3,1,https://mailchi.mp/sante.gouv.cd/ebola_kivu_5dec
2018-12-05,2018-12-06,423,48,471,273,,13,2,1,https://mailchi.mp/sante.gouv.cd/ebola_kivu_6dec
2018-12-06,2018-12-07,429,48,477,275,,6,2,1,https://mailchi.mp/sante.gouv.cd/ebola_kivu_7dec
2018-12-07,2018-12-08,441,48,489,280,,12,5,1,https://mailchi.mp/sante.gouv.cd/ebola_kivu_8dec
2018-12-08,2018-12-09,446,48,494,283,,5,3,1,https://mailchi.mp/sante.gouv.cd/ebola_kivu_9dec
2018-12-09,2018-12-10,450,48,498,285,,4,2,1,https://mailchi.mp/sante.gouv.cd/ebola_kivu_10dec
2018-12-10,2018-12-11,452,48,500,289,,2,4,1,https://mailchi.mp/sante.gouv.cd/ebola_kivu_11dec
2018-12-11,2018-12-12,457,48,505,298,,5,9,1,https://mailchi.mp/sante.gouv.cd/ebola_kivu_12dec
2018-12-12,2018-12-13,467,48,515,303,,10,5,1,https://mailchi.mp/sante.gouv.cd/ebola_kivu_13dec
2018-12-13,2018-12-14,473,48,521,306,,6,3,1,https://mailchi.mp/sante.gouv.cd/ebola_kivu_14dec
2018-12-14,2018-12-15,481,48,529,311,,8,5,1,https://mailchi.mp/sante.gouv.cd/ebola_kivu_15dec
2018-12-15,2018-12-16,483,48,531,313,,2,2,1,https://mailchi.mp/sante.gouv.cd/ebola_kivu_16dec
2018-12-16,2018-12-17,491,48,539,315,,8,2,1,https://mailchi.mp/sante.gouv.cd/ebola_kivu_17dec
2018-12-17,2018-12-18,494,48,542,319,,3,4,1,https://mailchi.mp/sante.gouv.cd/ebola_kivu_18dec
2018-12-18,2018-12-19,501,48,549,326,,7,7,1,https://mailchi.mp/sante.gouv.cd/ebola_kivu_19dec
2018-12-19,2018-12-20,512,48,560,336,,11,10,1,https://mailchi.mp/sante.gouv.cd/ebola_kivu_20dec
2018-12-20,2018-12-21,515,48,563,343,,3,7,1,https://mailchi.mp/sante.gouv.cd/ebola_kivu_21dec
2018-12-21,2018-12-22,519,48,567,347,,4,4,1,https://mailchi.mp/sante.gouv.cd/ebola_kivu_22dec
2018-12-22,2018-12-23,526,48,574,347,,7,0,1,https://mailchi.mp/sante.gouv.cd/ebola_kivu_23dec
2018-12-23,2018-12-24,531,48,579,352,,5,5,1,https://mailchi.mp/sante.gouv.cd/ebola_kivu_24dec
2018-12-24,2018-12-25,535,48,583,354,,4,2,1,https://mailchi.mp/sante.gouv.cd/ebola_kivu_25dec
2018-12-25,2018-12-26,537,48,585,356,,2,2,1,https://mailchi.mp/sante.gouv.cd/ebola_kivu_26dec
2018-12-26,2018-12-27,543,48,591,357,,6,1,1,https://mailchi.mp/sante.gouv.cd/ebola_kivu_27dec
2018-12-27,2018-12-28,545,48,593,359,,2,2,1,https://mailchi.mp/sante.gouv.cd/ebola_kivu_28dec
2018-12-28,2018-12-29,545,48,593,360,,0,1,1,https://mailchi.mp/sante.gouv.cd/ebola_kivu_29dec
2018-12-29,2018-12-30,548,48,596,361,,3,1,1,https://mailchi.mp/sante.gouv.cd/ebola_kivu_30dec
2018-12-30,2018-12-31,550,48,598,363,,2,2,1,https://mailchi.mp/sante.gouv.cd/ebola_kivu_31dec
2018-12-31,2019-01-01,554,48,602,366,,4,3,1,https://mailchi.mp/sante.gouv.cd/ebola_kivu_1jan19
2019-01-01,2019-01-02,560,48,608,368,,6,2,1,https://mailchi.mp/sante.gouv.cd/ebola_kivu_2jan19
2019-01-02,2019-01-03,561,48,609,370,,1,2,1,https://mailchi.mp/sante.gouv.cd/ebola_kivu_3jan19
2019-01-03,2019-01-04,565,48,613,371,,4,1,1,https://mailchi.mp/sante.gouv.cd/ebola_kivu_4jan19
2019-01-04,2019-01-05,566,48,614,374,,1,3,1,https://mailchi.mp/sante.gouv.cd/ebola_kivu_5jan19
2019-01-05,2019-01-06,575,48,623,374,,9,0,1,https://mailchi.mp/sante.gouv.cd/ebola_kivu_6jan19
2019-01-06,2019-01-07,577,48,625,377,,2,3,1,https://mailchi.mp/sante.gouv.cd/ebola_kivu_7jan19
2019-01-07,2019-01-08,579,48,627,382,,2,5,1,https://mailchi.mp/sante.gouv.cd/ebola_kivu_8jan19
2019-01-08,2019-01-09,580,48,628,383,,1,1,1,https://mailchi.mp/sante.gouv.cd/ebola_kivu_9jan19
2019-01-09,2019-01-10,582,48,630,385,,2,2,1,https://mailchi.mp/sante.gouv.cd/ebola_kivu_10jan19
2019-01-10,2019-01-11,584,48,632,386,,2,1,1,https://mailchi.mp/sante.gouv.cd/ebola_kivu_11jan19
2019-01-11,2019-01-12,586,48,634,386,,2,0,1,https://mailchi.mp/sante.gouv.cd/ebola_kivu_12jan19
2019-01-12,2019-01-13,595,49,644,392,,10,6,1,https://mailchi.mp/sante.gouv.cd/ebola_kivu_13jan19
2019-01-13,2019-01-14,600,49,649,396,,5,4,1,https://mailchi.mp/sante.gouv.cd/ebola_kivu_14jan19
2019-01-14,2019-01-15,609,49,658,402,,9,6,1,https://mailchi.mp/sante.gouv.cd/ebola_kivu_15jan19
2019-01-15,2019-01-16,614,49,663,407,,5,5,1,https://mailchi.mp/sante.gouv.cd/ebola_kivu_16jan19
2019-01-16,2019-01-17,619,49,668,410,,5,3,1,https://mailchi.mp/sante.gouv.cd/ebola_kivu_17jan19
2019-01-17,2019-01-18,631,49,680,414,,12,4,1,https://mailchi.mp/sante.gouv.cd/ebola_kivu_17jan19
2019-01-18,2019-01-19,636,49,685,416,,5,2,1,https://mailchi.mp/sante.gouv.cd/ebola_kivu_17jan19
2019-01-19,2019-01-20,636,49,685,419,,0,3,1,https://mailchi.mp/sante.gouv.cd/ebola_kivu_20jan19
2019-01-20,2019-01-21,640,49,689,422,,4,3,1,https://mailchi.mp/sante.gouv.cd/ebola_kivu_21jan19
2019-01-21,2019-01-22,650,49,699,433,,10,11,1,https://mailchi.mp/sante.gouv.cd/ebola_kivu_22jan19
2019-01-22,2019-01-23,664,49,713,439,,14,6,1,https://mailchi.mp/sante.gouv.cd/ebola_kivu_23jan19
2019-01-23,2019-01-24,666,49,715,443,,2,4,1,https://mailchi.mp/sante.gouv.cd/ebola_kivu_24jan19
2019-01-24,2019-01-25,672,49,721,446,,6,3,1,https://mailchi.mp/sante.gouv.cd/ebola_kivu_25jan19
2019-01-25,2019-01-26,675,49,724,451,,3,5,1,https://mailchi.mp/sante.gouv.cd/ebola_kivu_26jan19
2019-01-26,2019-01-27,679,54,733,459,,9,8,1,https://mailchi.mp/sante.gouv.cd/ebola_kivu_27jan19
2019-01-27,2019-01-28,682,54,736,459,,3,0,1,https://mailchi.mp/sante.gouv.cd/ebola_kivu_28jan19
2019-01-28,2019-01-29,689,54,743,461,,7,2,1,https://mailchi.mp/sante.gouv.cd/ebola_kivu_29jan19
2019-01-29,2019-01-30,698,54,752,465,,9,4,1,https://mailchi.mp/sante.gouv.cd/ebola_kivu_30jan19
2019-01-30,2019-01-31,705,54,759,468,,7,3,1,https://mailchi.mp/sante.gouv.cd/ebola_kivu_31jan19?e=[UNIQID]
2019-01-31,2019-02-01,709,54,763,471,,4,3,1,https://mailchi.mp/sante.gouv.cd/ebola_kivu_1fev19
2019-02-01,2019-02-02,715,54,769,475,,6,4,1,https://mailchi.mp/sante.gouv.cd/ebola_kivu_2fev19
2019-02-02,2019-02-03,720,54,774,481,,5,6,1,https://mailchi.mp/sante.gouv.cd/ebola_kivu_3fev19
2019-02-03,2019-02-04,731,54,785,484,,11,3,1,https://mailchi.mp/sante.gouv.cd/ebola_kivu_4fev19
2019-02-04,2019-02-05,734,54,788,486,,3,2,1,https://mailchi.mp/sante.gouv.cd/ebola_kivu_5fev19
2019-02-05,2019-02-06,735,54,789,488,,1,2,1,https://mailchi.mp/sante.gouv.cd/ebola_kivu_6fev19
2019-02-06,2019-02-07,737,54,791,492,,2,4,1,https://mailchi.mp/sante.gouv.cd/ebola_kivu_7fev19
2019-02-07,2019-02-08,739,61,800,502,,9,10,1,https://mailchi.mp/sante.gouv.cd/ebola_kivu_8fev19
2019-02-08,2019-02-09,745,61,806,505,,6,3,1,https://mailchi.mp/sante.gouv.cd/ebola_kivu_9fev19
2019-02-09,2019-02-10,750,61,811,510,,5,5,1,https://mailchi.mp/sante.gouv.cd/ebola_kivu_10fev19
2019-02-10,2019-02-11,755,61,816,513,,5,3,1,https://mailchi.mp/sante.gouv.cd/ebola_kivu_11fev19
2019-02-11,2019-02-12,758,61,819,516,,3,3,1,https://mailchi.mp/sante.gouv.cd/ebola_kivu_12fev19
2019-02-12,2019-02-13,762,61,823,517,,4,1,1,https://mailchi.mp/sante.gouv.cd/ebola_kivu_13fev19
2019-02-13,2019-02-14,768,61,829,521,,6,4,1,https://mailchi.mp/sante.gouv.cd/ebola_kivu_14fev19
2019-02-14,2019-02-15,770,65,835,530,,6,9,1,https://mailchi.mp/sante.gouv.cd/ebola_kivu_15fev19
2019-02-15,2019-02-16,772,65,837,533,,2,3,1,https://mailchi.mp/sante.gouv.cd/ebola_kivu_16fev19
2019-02-16,2019-02-17,773,65,838,534,,1,1,1,https://mailchi.mp/sante.gouv.cd/ebola_kivu_17fev19
2019-02-17,2019-02-18,775,65,840,537,,2,3,1,https://mailchi.mp/sante.gouv.cd/ebola_kivu_18fev19
2019-02-18,2019-02-19,779,65,844,528,,4,-9,1,https://mailchi.mp/sante.gouv.cd/ebola_kivu_19fev19
2019-02-19,2019-02-20,783,65,848,529,,4,1,1,https://mailchi.mp/sante.gouv.cd/ebola_kivu_20fev19
2019-02-20,2019-02-21,788,65,853,531,,5,2,1,https://mailchi.mp/sante.gouv.cd/ebola_kivu_21fev19
2019-02-21,2019-02-22,794,65,859,536,,6,5,1,https://mailchi.mp/sante.gouv.cd/ebola_kivu_22fev19
2019-02-22,2019-02-23,799,65,864,540,,5,4,1,https://mailchi.mp/sante.gouv.cd/ebola_kivu_23fev19
2019-02-23,2019-02-24,804,65,869,546,,5,6,1,https://mailchi.mp/sante.gouv.cd/ebola_kivu_24fev19
2019-02-24,2019-02-25,807,65,872,548,,3,2,1,https://mailchi.mp/sante.gouv.cd/ebola_kivu_25fev19
2019-02-25,2019-02-26,810,65,875,551,,3,3,1,https://mailchi.mp/sante.gouv.cd/ebola_kivu_26fev19
2019-02-26,2019-02-27,814,65,879,553,,4,2,1,https://mailchi.mp/sante.gouv.cd/ebola_kivu_27fev19
2019-02-27,2019-02-28,820,65,885,555,,6,2,1,https://mailchi.mp/sante.gouv.cd/ebola_kivu_28fev19
2019-02-28,2019-03-01,823,65,888,557,,3,2,1,https://mailchi.mp/sante.gouv.cd/ebola_kivu_1mar19
2019-03-01,2019-03-02,825,65,890,559,,2,2,1,https://mailchi.mp/sante.gouv.cd/ebola_kivu_2mar19
2019-03-02,2019-03-03,829,65,894,561,,4,2,1,https://mailchi.mp/sante.gouv.cd/ebola_kivu_3mar19
2019-03-03,2019-03-04,832,65,897,563,,3,2,1,https://mailchi.mp/sante.gouv.cd/ebola_kivu_4mar19
2019-03-04,2019-03-05,835,65,900,565,,3,2,1,https://mailchi.mp/sante.gouv.cd/ebola_kivu_5mar19
2019-03-05,2019-03-06,841,66,907,569,,7,4,1,https://mailchi.mp/sante.gouv.cd/ebola_kivu_6mar19
2019-03-06,2019-03-07,848,65,913,574,,6,5,1,https://mailchi.mp/sante.gouv.cd/ebola_kivu_7mar19
2019-03-07,2019-03-08,853,65,918,578,,5,4,1,https://mailchi.mp/sante.gouv.cd/ebola_kivu_8mar19
2019-03-08,2019-03-09,854,65,919,578,,1,0,1,https://mailchi.mp/sante.gouv.cd/ebola_kivu_9mar19
2019-03-09,2019-03-10,856,65,921,582,,2,4,1,https://mailchi.mp/sante.gouv.cd/ebola_kivu_10mar19
2019-03-10,2019-03-11,858,65,923,582,,2,0,1,https://mailchi.mp/sante.gouv.cd/ebola_kivu_11mar19
2019-03-11,2019-03-12,860,65,925,584,,2,2,1,https://mailchi.mp/sante.gouv.cd/ebola_kivu_12mar19
2019-03-12,2019-03-13,862,65,927,584,,2,0,1,https://mailchi.mp/sante.gouv.cd/ebola_kivu_13mar19
2019-03-13,2019-03-14,867,65,932,587,,5,3,1,https://mailchi.mp/sante.gouv.cd/ebola_kivu_14mar19
2019-03-14,2019-03-15,871,65,936,591,,4,4,1,https://mailchi.mp/sante.gouv.cd/ebola_kivu_15mar19
2019-03-15,2019-03-16,878,65,943,594,,7,3,1,https://mailchi.mp/sante.gouv.cd/ebola_kivu_16mar19
2019-03-16,2019-03-17,886,65,951,598,,8,4,1,https://mailchi.mp/sante.gouv.cd/ebola_kivu_17mar19
2019-03-17,2019-03-18,895,65,960,603,,9,5,1,https://mailchi.mp/sante.gouv.cd/ebola_kivu_18mar19
2019-03-18,2019-03-19,903,65,968,606,,8,3,1,https://mailchi.mp/sante.gouv.cd/ebola_kivu_19mar19
2019-03-19,2019-03-20,915,65,980,610,,12,4,1,https://mailchi.mp/sante.gouv.cd/ebola_kivu_20mar19
2019-03-20,2019-03-21,926,65,991,614,,11,4,1,https://mailchi.mp/sante.gouv.cd/ebola_kivu_21mar19
2019-03-21,2019-03-22,928,65,993,621,,2,7,1,https://mailchi.mp/sante.gouv.cd/ebola_kivu_22mar19
2019-03-22,2019-03-23,934,65,999,625,,6,4,1,https://mailchi.mp/sante.gouv.cd/ebola_kivu_23mar19
2019-03-23,2019-03-24,944,65,1009,629,,10,4,1,https://mailchi.mp/sante.gouv.cd/ebola_kivu_24mar19
2019-03-24,2019-03-25,951,65,1016,634,,7,5,1,https://mailchi.mp/sante.gouv.cd/ebola_kivu_25mar19
2019-03-25,2019-03-26,957,65,1022,639,,6,5,1,https://mailchi.mp/sante.gouv.cd/ebola_kivu_26mar19
2019-03-26,2019-03-27,964,65,1029,642,,7,3,1,https://mailchi.mp/sante.gouv.cd/ebola_kivu_27mar19
2019-03-27,2019-03-28,978,66,1044,652,,15,10,1,https://mailchi.mp/sante.gouv.cd/ebola_kivu_28mar19
2019-03-28,2019-03-29,993,66,1059,660,,15,8,1,https://mailchi.mp/sante.gouv.cd/ebola_kivu_29mar19
2019-03-29,2019-03-30,1003,66,1069,665,,10,5,1,https://mailchi.mp/sante.gouv.cd/ebola_kivu_30mar19
2019-03-30,2019-03-31,1016,66,1082,676,,13,11,1,https://mailchi.mp/sante.gouv.cd/ebola_kivu_31mar19
2019-03-31,2019-04-01,1023,66,1089,679,,7,3,1,https://mailchi.mp/sante.gouv.cd/ebola_kivu_1avr19
2019-04-01,2019-04-02,1026,66,1092,683,,3,4,1,https://mailchi.mp/sante.gouv.cd/ebola_kivu_2avr19
2019-04-02,2019-04-03,1034,66,1100,690,,8,7,1,https://mailchi.mp/sante.gouv.cd/ebola_kivu_3avr19
2019-04-03,2019-04-04,1041,66,1107,695,,7,5,1,https://mailchi.mp/sante.gouv.cd/ebola_kivu_4avr19
2019-04-04,2019-04-05,1051,66,1117,702,,10,7,1,https://mailchi.mp/sante.gouv.cd/ebola_kivu_5avr19
2019-04-05,2019-04-06,1064,66,1130,714,,13,12,1,https://mailchi.mp/sante.gouv.cd/ebola_kivu_6avr19
2019-04-06,2019-04-07,1080,66,1146,721,,16,7,1,https://mailchi.mp/sante.gouv.cd/ebola_kivu_7avr19
2019-04-07,2019-04-08,1088,66,1154,731,,8,10,1,https://mailchi.mp/sante.gouv.cd/ebola_kivu_8avr19
2019-04-08,2019-04-09,1102,66,1168,741,,14,10,1,https://mailchi.mp/sante.gouv.cd/ebola_kivu_9avr19
2019-04-09,2019-04-10,1120,66,1186,751,,18,10,1,https://mailchi.mp/sante.gouv.cd/ebola_kivu_10avr19
2019-04-10,2019-04-11,1140,66,1206,764,,20,13,1,https://mailchi.mp/sante.gouv.cd/ebola_kivu_11avr19
2019-04-11,2019-04-12,1154,66,1220,772,,14,8,1,https://mailchi.mp/sante.gouv.cd/ebola_kivu_12avr19
2019-04-12,2019-04-13,1174,66,1240,792,,20,20,1,https://mailchi.mp/sante.gouv.cd/ebola_kivu_13avr19
2019-04-13,2019-04-14,1185,66,1251,803,,11,11,1,https://mailchi.mp/sante.gouv.cd/ebola_kivu_14avr19
2019-04-14,2019-04-15,1198,66,1264,814,,13,11,1,https://mailchi.mp/sante.gouv.cd/ebola_kivu_15avr19
2019-04-15,2019-04-16,1207,66,1273,821,,9,7,1,https://mailchi.mp/sante.gouv.cd/ebola_kivu_16avr19
2019-04-16,2019-04-17,1224,66,1290,833,,17,12,1,https://mailchi.mp/sante.gouv.cd/ebola_kivu_17avr19
2019-04-17,2019-04-18,1236,66,1302,843,,12,10,1,https://mailchi.mp/sante.gouv.cd/ebola_kivu_18avr19
2019-04-18,2019-04-19,1251,66,1317,855,,15,12,1,https://mailchi.mp/sante.gouv.cd/ebola_kivu_19avr19
2019-04-19,2019-04-20,1261,66,1327,859,,10,4,1,https://mailchi.mp/sante.gouv.cd/ebola_kivu_20avr19
2019-04-20,2019-04-21,1270,66,1336,870,,9,11,1,https://mailchi.mp/sante.gouv.cd/ebola_kivu_21avr19
2019-04-21,2019-04-22,1274,66,1340,874,,4,4,1,https://mailchi.mp/sante.gouv.cd/ebola_kivu_22avr19
2019-04-22,2019-04-23,1287,66,1353,880,,13,6,1,https://mailchi.mp/sante.gouv.cd/ebola_kivu_23avr19
2019-04-23,2019-04-24,1301,66,1367,885,,14,5,1,https://mailchi.mp/sante.gouv.cd/ebola_kivu_24avr19
2019-04-24,2019-04-25,1307,66,1373,890,,6,5,1,https://mailchi.mp/sante.gouv.cd/ebola_kivu_25avr19
2019-04-25,2019-04-26,1330,66,1396,900,,23,10,1,https://mailchi.mp/sante.gouv.cd/ebola_kivu_26avr19
2019-04-26,2019-04-27,1351,66,1417,914,,21,14,1,https://mailchi.mp/sante.gouv.cd/ebola_kivu_27avr19
2019-04-27,2019-04-28,1373,66,1439,931,,22,17,1,https://mailchi.mp/sante.gouv.cd/ebola_kivu_28avr19
2019-04-28,2019-04-29,1400,66,1466,957,,27,26,1,https://mailchi.mp/sante.gouv.cd/ebola_kivu_29avr19
2019-04-29,2019-04-30,1414,66,1480,970,,14,13,1,https://mailchi.mp/sante.gouv.cd/ebola_kivu_30avr19
2019-04-30,2019-05-01,1429,66,1495,984,,15,14,1,https://mailchi.mp/sante.gouv.cd/ebola_kivu_1mai19
2019-05-01,2019-05-02,1444,66,1510,994,,15,10,1,https://mailchi.mp/sante.gouv.cd/ebola_kivu_2mai19
2019-05-02,2019-05-03,1463,66,1529,1008,,19,14,1,https://mailchi.mp/sante.gouv.cd/ebola_kivu_3mai19
2019-05-03,2019-05-04,1479,66,1545,1019,,16,11,1,https://mailchi.mp/sante.gouv.cd/ebola_kivu_4mai19
2019-05-04,2019-05-05,1488,66,1554,1029,,9,10,1,https://mailchi.mp/sante.gouv.cd/ebola_kivu_5mai19
2019-05-05,2019-05-06,1506,66,1572,1045,,18,16,1,https://mailchi.mp/sante.gouv.cd/ebola_kivu_6mai19
2019-05-06,2019-05-07,1519,66,1585,1055,,13,10,1,https://mailchi.mp/sante.gouv.cd/ebola_kivu_7mai19
2019-05-07,2019-05-08,1534,66,1600,1069,,15,14,1,https://mailchi.mp/sante.gouv.cd/ebola_kivu_8mai19
2019-05-08,2019-05-09,1538,66,1604,1074,,4,5,1,https://mailchi.mp/sante.gouv.cd/ebola_kivu_9mai19
2019-05-09,2019-05-10,1561,88,1649,1105,,45,31,1,https://mailchi.mp/sante.gouv.cd/ebola_kivu_10mai19
2019-05-10,2019-05-11,1574,88,1662,1112,,13,7,1,https://mailchi.mp/sante.gouv.cd/ebola_kivu_11mai19
2019-05-11,2019-05-12,1592,88,1680,1117,,18,5,1,https://mailchi.mp/sante.gouv.cd/ebola_kivu_12mai19
2019-05-12,2019-05-13,1617,88,1705,1124,,25,7,1,https://mailchi.mp/sante.gouv.cd/ebola_kivu_13mai19
2019-05-13,2019-05-14,1632,88,1720,1136,,15,12,1,https://mailchi.mp/sante.gouv.cd/ebola_kivu_14mai19
2019-05-14,2019-05-15,1651,88,1739,1147,,19,11,1,https://mailchi.mp/sante.gouv.cd/ebola_kivu_15mai19
2019-05-15,2019-05-16,1672,88,1760,1161,,21,14,1,https://mailchi.mp/sante.gouv.cd/ebola_kivu_16mai19
2019-05-16,2019-05-17,1689,88,1777,1177,,17,16,1,https://mailchi.mp/sante.gouv.cd/ebola_kivu_17mai19
2019-05-17,2019-05-18,1713,88,1801,1198,,24,21,1,https://mailchi.mp/sante.gouv.cd/ebola_kivu_18mai19
2019-05-18,2019-05-19,1728,88,1816,1209,,15,11,1,https://mailchi.mp/sante.gouv.cd/ebola_kivu_19mai19
2019-05-19,2019-05-20,1738,88,1826,1218,,10,9,1,https://mailchi.mp/sante.gouv.cd/ebola_kivu_20mai19
2019-05-20,2019-05-21,1759,88,1847,1223,,21,5,1,https://mailchi.mp/sante.gouv.cd/ebola_kivu_21mai19
2019-05-21,2019-05-22,1778,88,1866,1241,,19,18,1,https://mailchi.mp/sante.gouv.cd/ebola_kivu_22mai19
2019-05-22,2019-05-23,1789,88,1877,1248,,11,7,1,https://mailchi.mp/sante.gouv.cd/ebola_kivu_23mai19
2019-05-23,2019-05-24,1800,88,1888,1254,,11,6,1,https://mailchi.mp/sante.gouv.cd/ebola_kivu_24mai19
2019-05-24,2019-05-25,1809,88,1903,1270,,15,16,1,https://mailchi.mp/sante.gouv.cd/ebola_kivu_25mai19
2019-05-25,2019-05-26,1818,94,1912,1277,,9,7,1,https://mailchi.mp/sante.gouv.cd/ebola_kivu_26mai19
2019-05-26,2019-05-27,1826,94,1920,1281,,8,4,1,https://mailchi.mp/sante.gouv.cd/ebola_kivu_27mai19
2019-05-27,2019-05-28,1832,94,1926,1287,,6,6,1,https://mailchi.mp/sante.gouv.cd/ebola_kivu_28mai19
2019-05-28,2019-05-29,1851,94,1945,1302,,19,15,1,https://mailchi.mp/sante.gouv.cd/ebola_kivu_29mai19
2019-05-29,2019-05-30,1860,94,1954,1312,,9,10,1,https://mailchi.mp/sante.gouv.cd/ebola_kivu_30mai19
2019-05-30,2019-05-31,1880,94,1974,1323,,20,11,1,https://mailchi.mp/sante.gouv.cd/ebola_kivu_31mai19
2019-05-31,2019-06-01,1880,94,1974,1323,,0,0,1,https://mailchi.mp/sante.gouv.cd/ebola_kivu_01juin19
2019-06-01,2019-06-02,1900,94,1994,1339,,20,16,1,https://mailchi.mp/sante.gouv.cd/ebola_kivu_02juin19
2019-06-02,2019-06-03,1914,94,2008,1346,,14,7,1,https://mailchi.mp/sante.gouv.cd/ebola_kivu_03juin19
2019-06-03,2019-06-04,1926,94,2020,1354,,12,8,1,https://mailchi.mp/sante.gouv.cd/ebola_kivu_04juin19
2019-06-04,2019-06-05,1931,94,2025,1357,,5,3,1,https://mailchi.mp/sante.gouv.cd/ebola_kivu_05juin19
2019-06-05,2019-06-06,1937,94,2031,1367,,6,10,1,https://mailchi.mp/sante.gouv.cd/ebola_kivu_06juin19
2019-06-06,2019-06-07,1945,94,2039,1373,,8,6,1,https://mailchi.mp/sante.gouv.cd/ebola_kivu_07juin19
2019-06-07,2019-06-08,1953,94,2047,1381,,8,8,1,https://mailchi.mp/sante.gouv.cd/ebola_kivu_08juin19
2019-06-08,2019-06-09,1962,94,2056,1384,,9,3,1,https://mailchi.mp/sante.gouv.cd/ebola_kivu_09juin19
2019-06-09,2019-06-10,1968,94,2062,1390,,6,6,1,https://mailchi.mp/sante.gouv.cd/ebola_kivu_10juin19
2019-06-10,2019-06-11,1977,94,2071,1396,,9,6,1,https://mailchi.mp/sante.gouv.cd/ebola_kivu_11juin19
2019-06-11,2019-06-12,1990,94,2084,1405,,13,9,1,https://mailchi.mp/sante.gouv.cd/ebola_kivu_12juin19
2019-06-12,2019-06-13,2014,94,2108,1411,,24,6,1,https://mailchi.mp/sante.gouv.cd/ebola_kivu_13juin19
2019-06-13,2019-06-14,2026,94,2120,1420,,12,9,1,https://mailchi.mp/sante.gouv.cd/ebola_kivu_14juin19
2019-06-14,2019-06-15,2040,94,2134,1427,,14,7,1,https://mailchi.mp/sante.gouv.cd/ebola_kivu_15juin19
2019-06-15,2019-06-16,2054,94,2148,1440,,14,13,1,https://mailchi.mp/sante.gouv.cd/ebola_kivu_16juin19
2019-06-16,2019-06-17,2074,94,2168,1449,,20,9,1,https://mailchi.mp/sante.gouv.cd/ebola_kivu_17juin19
2019-06-17,2019-06-18,2087,94,2181,1459,,13,10,1,https://mailchi.mp/sante.gouv.cd/ebola_kivu_18juin19
2019-06-18,2019-06-19,2096,94,2190,1470,,9,11,1,https://mailchi.mp/sante.gouv.cd/ebola_kivu_19juin19
2019-06-19,2019-06-20,2110,94,2204,1479,,14,9,1,https://mailchi.mp/sante.gouv.cd/ebola_kivu_20juin19
2019-06-20,2019-06-21,2117,94,2211,1489,,7,10,1,https://mailchi.mp/sante.gouv.cd/ebola_kivu_21juin19
2019-06-21,2019-06-22,2132,94,2226,1497,,15,8,1,https://mailchi.mp/sante.gouv.cd/ebola_kivu_22juin19
2019-06-22,2019-06-23,2145,94,2239,1506,,13,9,1,https://mailchi.mp/sante.gouv.cd/ebola_kivu_23juin19
2019-06-23,2019-06-24,2153,94,2247,1510,,8,4,1,https://mailchi.mp/sante.gouv.cd/ebola_kivu_24juin19
2019-06-24,2019-06-25,2171,94,2265,1522,,18,12,1,https://mailchi.mp/sante.gouv.cd/ebola_kivu_25juin19
2019-06-25,2019-06-26,2183,94,2277,1531,,12,9,1,https://mailchi.mp/sante.gouv.cd/ebola_kivu_26juin19
2019-06-26,2019-06-27,2190,94,2284,1540,,7,9,1,https://mailchi.mp/sante.gouv.cd/ebola_kivu_27juin19
2019-06-27,2019-06-28,2203,94,2297,1553,,13,13,1,https://mailchi.mp/sante.gouv.cd/ebola_kivu_28juin19
2019-06-28,2019-06-29,2218,94,2312,1559,,15,6,1,https://mailchi.mp/sante.gouv.cd/ebola_kivu_29juin19
2019-06-29,2019-06-30,2231,94,2325,1563,,13,4,1,https://mailchi.mp/sante.gouv.cd/ebola_kivu_30juin19
2019-06-30,2019-07-01,2244,94,2338,1571,,13,8,1,https://mailchi.mp/sante.gouv.cd/ebola_kivu_01juil19
2019-07-01,2019-07-02,2260,94,2354,1586,,16,15,1,https://mailchi.mp/sante.gouv.cd/ebola_kivu_02juil19
2019-07-02,2019-07-03,2275,94,2369,1598,,15,12,1,https://mailchi.mp/sante.gouv.cd/ebola_kivu_03juil19
2019-07-03,2019-07-04,2288,94,2382,1606,,13,8,1,https://mailchi.mp/sante.gouv.cd/ebola_kivu_04juil19
2019-07-04,2019-07-05,2295,94,2389,1613,,7,7,1,https://mailchi.mp/sante.gouv.cd/ebola_kivu_05juil19
2019-07-05,2019-07-06,2304,94,2398,1618,,9,5,1,https://mailchi.mp/sante.gouv.cd/ebola_kivu_06juil19
2019-07-06,2019-07-07,2314,94,2408,1625,,10,7,1,https://mailchi.mp/sante.gouv.cd/ebola_kivu_07juil19
2019-07-07,2019-07-08,2324,94,2418,1630,,10,5,1,https://mailchi.mp/sante.gouv.cd/ebola_kivu_08juil19
2019-07-08,2019-07-09,2334,94,2428,1641,,10,11,1,https://mailchi.mp/sante.gouv.cd/ebola_kivu_09juil19
2019-07-09,2019-07-10,2343,94,2437,1646,,9,5,1,https://mailchi.mp/sante.gouv.cd/ebola_kivu_10juil19
2019-07-10,2019-07-11,2357,94,2451,1647,,14,1,1,https://mailchi.mp/sante.gouv.cd/ebola_kivu_11juil19
2019-07-11,2019-07-12,2368,94,2462,1648,,11,1,1,https://mailchi.mp/sante.gouv.cd/ebola_kivu_12juil19
2019-07-12,2019-07-13,2383,94,2477,1655,,15,7,1,https://mailchi.mp/sante.gouv.cd/ebola_kivu_13juil19
2019-07-13,2019-07-14,2395,94,2489,1665,,12,10,1,https://mailchi.mp/sante.gouv.cd/ebola_kivu_14juil19
2019-07-14,2019-07-15,2407,94,2501,1668,,12,3,1,https://mailchi.mp/sante.gouv.cd/ebola_kivu_15juil19
2019-07-15,2019-07-16,2418,94,2512,1676,,11,8,1,https://mailchi.mp/sante.gouv.cd/ebola_kivu_16juil19
2019-07-16,2019-07-17,2428,94,2522,1698,,10,22,1,https://mailchi.mp/sante.gouv.cd/ebola_kivu_17juil19
2019-07-17,2019-07-18,2438,94,2532,1705,,10,7,1,https://mailchi.mp/sante.gouv.cd/ebola_kivu_18juil19
2019-07-18,2019-07-19,2452,94,2546,1715,,14,10,1,https://mailchi.mp/sante.gouv.cd/ebola_kivu_19juil19
2019-07-19,2019-07-20,2470,94,2564,1728,,18,13,1,https://mailchi.mp/sante.gouv.cd/ebola_kivu_20juil19
2019-07-20,2019-07-21,2484,94,2578,1737,,14,9,1,https://mailchi.mp/sante.gouv.cd/ebola_kivu_21juil19
2019-07-21,2019-07-22,2498,94,2592,1743,,14,6,1,https://mailchi.mp/sante.gouv.cd/ebola_kivu_22juil19
2019-07-22,2019-07-23,2503,94,2597,1746,,5,3,1,https://www.who.int/emergencies/diseases/ebola/drc-2019/ebola-daily-case-numbers
2019-07-23,2019-07-24,2518,94,2612,1756,,15,10,1,https://www.who.int/emergencies/diseases/ebola/drc-2019/ebola-daily-case-numbers
2019-07-24,2019-07-25,2526,94,2620,1762,,8,6,1,https://www.who.int/emergencies/diseases/ebola/drc-2019/ebola-daily-case-numbers
2019-07-27,2019-07-28,2565,94,2659,1782,,39,20,3,https://www.who.int/emergencies/diseases/ebola/drc-2019/ebola-daily-case-numbers
2019-07-28,2019-07-29,2577,94,2671,1790,,12,8,1,https://www.who.int/emergencies/diseases/ebola/drc-2019/ebola-daily-case-numbers
2019-07-29,2019-07-30,2593,94,2687,1803,,16,13,1,https://www.who.int/emergencies/diseases/ebola/drc-2019/ebola-daily-case-numbers
2019-07-30,2019-07-31,2607,94,2701,1813,,14,10,1,https://mailchi.mp/sante.gouv.cd/ebola_kivu_31juil19
2019-07-31,2019-08-01,2619,94,2713,1823,,12,10,1,https://mailchi.mp/sante.gouv.cd/ebola_kivu_1aout19?
2019-08-01,2019-08-02,2630,94,2724,1833,,11,10,1,WHO RAPPORT DE SITUATION N°348
2019-08-02,2019-08-03,2647,94,2741,1838,,17,5,1,WHO RAPPORT DE SITUATION N°349
2019-08-03,2019-08-04,2659,94,2753,1843,,12,5,1,WHO RAPPORT DE SITUATION N°350
2019-08-04,2019-08-05,2669,94,2763,1849,,10,6,1,WHO RAPPORT DE SITUATION N°351
2019-08-06,2019-08-07,2687,94,2781,1866,,18,17,2,WHO RAPPORT DE SITUATION N°353
2019-08-07,2019-08-08,2693,94,2787,1868,,6,2,1,WHO RAPPORT DE SITUATION N°354
2019-08-08,2019-08-09,2699,94,2793,1873,,6,5,1,WHO RAPPORT DE SITUATION N°355
2019-08-09,2019-08-10,2707,94,2801,1879,,8,6,1,WHO RAPPORT DE SITUATION N°356
2019-08-10,2019-08-11,2722,94,2816,1888,,15,9,1,WHO RAPPORT DE SITUATION N°357
2019-08-11,2019-08-12,2737,94,2831,1892,,15,4,1,WHO RAPPORT DE SITUATION N°358
2019-08-12,2019-08-13,2743,94,2837,1898,,6,6,1,WHO RAPPORT DE SITUATION N°359
2019-08-13,2019-08-14,2748,94,2842,1905,,5,7,1,WHO RAPPORT DE SITUATION N°360
2019-08-14,2019-08-15,2758,94,2852,1913,,10,8,1,WHO RAPPORT DE SITUATION N°361
2019-08-15,2019-08-16,2767,94,2861,1921,,9,8,1,WHO RAPPORT DE SITUATION N°362
2019-08-16,2019-08-17,2774,94,2868,1926,,7,5,1,WHO RAPPORT DE SITUATION N°363
2019-08-17,2019-08-18,2783,94,2877,1934,,9,8,1,WHO RAPPORT DE SITUATION N°364
2019-08-18,2019-08-19,2794,94,2888,1938,,11,4,1,WHO RAPPORT DE SITUATION N°365
2019-08-19,2019-08-20,2804,105,2909,1953,,21,15,1,WHO RAPPORT DE SITUATION N°366
2019-08-20,2019-08-21,2822,105,2927,1961,,18,8,1,WHO RAPPORT DE SITUATION N°367
2019-08-21,2019-08-22,2829,105,2934,1965,,7,4,1,WHO RAPPORT DE SITUATION N°368
2019-08-22,2019-08-23,2837,105,2942,1971,,8,6,1,WHO RAPPORT DE SITUATION N°369
2019-08-23,2019-08-24,2845,105,2950,1974,,8,3,1,WHO RAPPORT DE SITUATION N°370
2019-08-24,2019-08-25,2863,105,2968,1986,,18,12,1,WHO RAPPORT DE SITUATION N°371
2019-08-25,2019-08-26,2871,105,2976,1990,,8,4,1,WHO RAPPORT DE SITUATION N°372
2019-08-26,2019-08-27,2878,105,2983,1994,,7,4,1,WHO RAPPORT DE SITUATION N°373
2019-08-27,2019-08-28,2892,105,2997,1998,,14,4,1,WHO RAPPORT DE SITUATION N°374
2019-08-28,2019-08-29,2899,105,3004,2006,,7,8,1,WHO RAPPORT DE SITUATION N°375
2019-08-29,2019-08-30,2912,105,3017,2015,,13,9,1,WHO RAPPORT DE SITUATION N°376
2019-08-30,2019-08-31,2918,105,3023,2024,,6,9,1,WHO RAPPORT DE SITUATION N°377
2019-08-31,2019-09-01,2926,105,3031,2031,,8,7,1,WHO RAPPORT DE SITUATION N°378
2019-09-01,2019-09-02,2931,105,3036,2035,,5,4,1,WHO RAPPORT DE SITUATION N°379
2019-09-02,2019-09-03,2934,109,3043,2045,,7,10,1,WHO RAPPORT DE SITUATION N°380
2019-09-03,2019-09-04,2940,109,3049,2050,,6,5,1,WHO RAPPORT DE SITUATION N°381
2019-09-04,2019-09-05,2945,109,3054,2052,,5,2,1,WHO RAPPORT DE SITUATION N°382
2019-09-05,2019-09-06,2958,111,3069,2057,,15,5,1,WHO RAPPORT DE SITUATION N°383
2019-09-06,2019-09-07,2962,111,3073,2059,,4,2,1,WHO RAPPORT DE SITUATION N°384
2019-09-07,2019-09-08,2968,111,3079,2064,,6,5,1,WHO RAPPORT DE SITUATION N°385
2019-09-08,2019-09-09,2970,111,3081,2070,,2,6,1,WHO RAPPORT DE SITUATION N°386
2019-09-09,2019-09-10,2973,111,3084,2071,,3,1,1,WHO RAPPORT DE SITUATION N°387
2019-09-10,2019-09-11,2980,111,3091,2074,,7,3,1,WHO RAPPORT DE SITUATION N°388
2019-09-11,2019-09-12,2988,111,3099,2077,,8,3,1,WHO RAPPORT DE SITUATION N°389
2019-09-12,2019-09-13,3002,111,3113,2085,,14,8,1,WHO RAPPORT DE SITUATION N°390
2019-09-13,2019-09-14,3005,111,3116,2090,,3,5,1,WHO RAPPORT DE SITUATION N°391
2019-09-14,2019-09-15,3014,111,3125,2095,,9,5,1,WHO RAPPORT DE SITUATION N°392
2019-09-15,2019-09-16,3018,111,3129,2096,,4,1,1,WHO RAPPORT DE SITUATION N°393
2019-09-16,2019-09-17,3019,111,3130,2098,,1,2,1,WHO RAPPORT DE SITUATION N°394
2019-09-17,2019-09-18,3034,111,3145,2103,,15,5,1,WHO RAPPORT DE SITUATION N°395
2019-09-18,2019-09-19,3039,111,3150,2108,,5,5,1,WHO RAPPORT DE SITUATION N°396
2019-09-19,2019-09-20,3046,111,3157,2111,,7,3,1,WHO RAPPORT DE SITUATION N°397
2019-09-20,2019-09-21,3049,111,3160,2114,,3,3,1,WHO RAPPORT DE SITUATION N°398
2019-09-21,2019-09-22,3053,111,3164,2115,,4,1,1,WHO RAPPORT DE SITUATION N°399
2019-09-22,2019-09-23,3057,111,3168,2118,,4,3,1,https://mailchi.mp/afc2b840ff0d/situation-pidmiologique-au-23-septembre-2019?e=d0c10fcf41
2019-09-23,2019-09-24,3059,112,3171,2120,,3,2,1,https://mailchi.mp/3dcebce216f1/situation-pidmiologique-au-24-septembre-2019?e=d0c10fcf41
2019-09-24,2019-09-25,3063,112,3175,2122,,4,2,1,https://mailchi.mp/3f29661a2e67/situation-pidmiologique-au-25-septembre-2019
2019-09-25,2019-09-26,3066,112,3178,2126,,3,4,1,https://mailchi.mp/c3bf7debc92f/situation-pidmiologique-au-26-septembre-2019?e=d0c10fcf41
2019-09-26,2019-09-27,3069,114,3183,2128,,5,2,1,https://mailchi.mp/fdc41778ede7/situation-pidmiologique-au-27-septembre-2019?e=9281954762
2019-09-27,2019-09-28,3072,114,3186,2128,,3,0,1,https://mailchi.mp/f6e49eaba2b0/situation-pidmiologique-au-28-septembre-2019?e=d0c10fcf41
2019-09-28,2019-09-29,3074,114,3188,2129,,2,1,1,https://mailchi.mp/6e3403418c53/situation-pidmiologique-au-29-septembre-2019
2019-09-29,2019-09-30,3077,114,3191,2133,,3,4,1,https://mailchi.mp/d1577216e153/situation-pidmiologique-au-30-septembre-2019?e=d0c10fcf41
2019-09-30,2019-10-01,3080,114,3194,2136,,3,3,1,https://mailchi.mp/73c3b615fbe7/situation-pidmiologique-du-01-octobre-2019
2019-10-01,2019-10-02,3083,114,3197,2136,,3,0,1,https://mailchi.mp/73140857a371/situation-pidmiologique-ebola-au-02-octobre-2019
2019-10-02,2019-10-03,3084,114,3198,2137,,1,1,1,https://mailchi.mp/5a68ff5a105c/situation-pidmiologique-ebola-au-03-octobre-2019?e=d0c10fcf41
2019-10-03,2019-10-04,3087,114,3201,2139,,3,2,1,https://mailchi.mp/f83c5b5e8ec5/situation-pidmiologique-ebola-du-04-septembre-2019?e=d0c10fcf41
2019-10-04,2019-10-05,3090,114,3204,2141,,3,2,1,https://mailchi.mp/857f04957bf5/situation-pidmiologique-ebola-du-05-octobre-2019?e=d0c10fcf41
2019-10-05,2019-10-06,3090,114,3204,2142,,0,1,1,https://mailchi.mp/b7bc8ac20ae1/situation-pidmiologique-du-06-octobre-2019?e=d0c10fcf41
2019-10-06,2019-10-07,3091,114,3205,2142,,1,0,1,https://mailchi.mp/fafdadd3e9cd/situation-pidmiologique-ebola-du-07-octobre-2019?e=d0c10fcf41
2019-10-07,2019-10-08,3092,114,3206,2143,,1,1,1,https://mailchi.mp/9c29bca01e97/situation-pidmiologique-ebola-du-08-octobre-2019?e=d0c10fcf41
2019-10-08,2019-10-09,3093,114,3207,2144,,1,1,1,https://mailchi.mp/00081a1f9c76/situation-pidmiologique-ebola-du-09-octobre-2019?e=d0c10fcf41
2019-10-09,2019-10-10,3094,114,3208,2144,,1,0,1,https://mailchi.mp/f5ab786bff5b/situation-pidmiologique-du-10-octobre-2019?e=d0c10fcf41
2019-10-10,2019-10-11,3096,114,3210,2146,,2,2,1,https://mailchi.mp/c4868c0852e8/situation-pidmiologique-du-11-octobre-2019?e=d0c10fcf41
2019-10-11,2019-10-12,3098,114,3212,2148,,2,2,1,https://mailchi.mp/c63d523500c2/situation-pidmiologique-du-12-octobre-2019?e=d0c10fcf41
2019-10-12,2019-10-13,3104,114,3218,2150,,6,2,1,https://mailchi.mp/66a70aa44859/situation-pidmiologique-du-13-octobre-2019?e=d0c10fcf41
2019-10-13,2019-10-14,3106,114,3220,2150,,2,0,1,https://mailchi.mp/0e7b44383afe/situation-pidmiologique-du-14-octobre-2019?e=d0c10fcf41
2019-10-14,2019-10-15,3110,114,3224,2153,,4,3,1,https://mailchi.mp/f9cdad998b27/situation-pidmiologique-du-15-octobre-2019?e=d0c10fcf41
2019-10-15,2019-10-16,3113,114,3227,2154,,3,1,1,https://mailchi.mp/a93b055d1edd/situation-pidmiologique-du-16-octobre-2019?e=d0c10fcf41
2019-10-16,2019-10-17,3114,114,3228,2158,,1,4,1,https://mailchi.mp/663dac943dbd/situation-pidmiologique-du-17-octobre-2019?e=d0c10fcf41
2019-10-17,2019-10-18,3117,116,3233,2162,,5,4,1,https://mailchi.mp/bc0a6d600ff0/situation-pidmiologique-du-18-octobre-2019?e=d0c10fcf41
2019-10-18,2019-10-19,3119,116,3235,2165,,2,3,1,https://mailchi.mp/c4d85e9e5166/situation-pidmiologique-du-19-octobre-2019?e=d0c10fcf41
2019-10-19,2019-10-20,3123,116,3239,2169,,4,4,1,https://mailchi.mp/ebc75ba4b82f/situation-pidmiologique-du-20-octobre-2019?e=d0c10fcf41
2019-10-20,2019-10-21,3127,116,3243,2171,,4,2,1,https://mailchi.mp/ba3fe71b9a21/situation-pidmiologique-du-21-octobre-2019?e=d0c10fcf41
2019-10-21,2019-10-22,3131,117,3248,2172,,5,1,1,https://mailchi.mp/05c1ba92a3f7/situation-pidmiologique-du-15-octobre-3677305?e=d0c10fcf41
2019-10-22,2019-10-23,3133,117,3250,2174,,2,2,1,https://mailchi.mp/3cd94d686ace/situation-pidmiologique-du-23-octobre-2019?e=d0c10fcf41
2019-10-23,2019-10-24,3139,117,3256,2177,,6,3,1,https://mailchi.mp/aed3c98d523d/situation-pidmiologique-du-24-octobre-2019?e=d0c10fcf41
2019-10-24,2019-10-25,3143,117,3260,2178,,4,1,1,https://mailchi.mp/cac1bd6530b0/situation-pidmiologique-du-25-octobre-2019?e=d0c10fcf41
2019-10-25,2019-10-26,3144,117,3261,2180,,1,2,1,https://mailchi.mp/02634d881a82/situation-pidmiologique-du-26-octobre-2019?e=d0c10fcf41
2019-10-26,2019-10-27,3146,117,3263,2180,,2,0,1,https://mailchi.mp/646bf9ffd97c/situation-pidmiologique-du-27-octobre-2019?e=d0c10fcf41
2019-10-27,2019-10-28,3147,117,3264,2181,,1,1,1,https://mailchi.mp/1e7dce7490b2/situation-pidmiologique-du-28-octobre-2019?e=d0c10fcf41
2019-10-28,2019-10-29,3151,117,3268,2182,,4,1,1,https://mailchi.mp/a23f49d8dfa7/situation-pidmiologique-du-15-octobre-3684589?e=d0c10fcf41
2019-10-29,2019-10-30,3152,117,3269,2182,,1,0,1,https://mailchi.mp/5986cab50974/situation-pidmiologique-du-30-octobre-2019?e=d0c10fcf41
2019-10-30,2019-10-31,3155,117,3272,2183,,3,1,1,https://mailchi.mp/314467f5cb76/situation-pidmiologique-du-31-octobre-2019?e=d0c10fcf41
2019-10-31,2019-11-01,3156,117,3273,2184,,1,1,1,https://mailchi.mp/df7ce9f300a5/situation-pidmiologique-du-01-novembre-2019?e=d0c10fcf41
2019-11-01,2019-11-02,3157,117,3274,2185,,1,1,1,https://mailchi.mp/63014c0980a8/situation-pidmiologique-du-02-novembre-2019?e=d0c10fcf41
2019-11-02,2019-11-03,3157,117,3274,2185,,0,0,1,https://mailchi.mp/c03bea2d7b6e/situation-pidmiologique-du-02-novembre-3688853?e=d0c10fcf41
2019-11-03,2019-11-04,3157,117,3274,2185,,0,0,1,https://mailchi.mp/7d2f771b43ce/situation-pidmiologique-du-02-novembre-3690253?e=d0c10fcf41
2019-11-04,2019-11-05,3164,118,3282,2188,,8,3,1,https://mailchi.mp/4a1019bf06d4/situation-pidmiologique-du-02-novembre-3691401?e=d0c10fcf41
2019-11-05,2019-11-06,3167,118,3285,2191,,3,3,1,https://mailchi.mp/9eb587ccc530/situation-pidmiologique-du-02-novembre-3694553?e=d0c10fcf41
2019-11-06,2019-11-07,3168,118,3286,2192,,1,1,1,https://mailchi.mp/60dfcfd4ad6d/situation-pidmiologique-du-02-novembre-3694373?e=d0c10fcf41
2019-11-07,2019-11-08,3168,118,3286,2192,,0,0,1,https://mailchi.mp/850810fb5ffb/situation-pidmiologique-du-02-novembre-3694789?e=d0c10fcf41
2019-11-08,2019-11-09,3168,118,3286,2192,,0,0,1,https://mailchi.mp/76a717052a80/situation-pidmiologique-du-02-novembre-3695921?e=d0c10fcf41
2019-11-09,2019-11-10,3169,118,3287,2193,,1,1,1,https://mailchi.mp/1ad10bd15c24/situation-pidmiologique-du-02-novembre-3696181?e=d0c10fcf41
2019-11-10,2019-11-11,3169,118,3287,2193,,0,0,1,https://mailchi.mp/76d633584cd8/situation-pidmiologique-du-02-novembre-3697173?e=d0c10fcf41
2019-11-11,2019-11-12,3169,118,3287,2193,,0,0,1,https://mailchi.mp/2e48cbb0e962/situation-pidmiologique-du-02-novembre-3698289?e=d0c10fcf41
2019-11-12,2019-11-13,3173,118,3291,2193,,4,0,1,https://mailchi.mp/06af61d910f7/situation-pidmiologique-du-02-novembre-3699397?e=d0c10fcf41
2019-11-13,2019-11-14,3174,118,3292,2193,,1,0,1,https://mailchi.mp/280fab19c2e4/situation-pidmiologique-du-02-novembre-3700725?e=d0c10fcf41
2019-11-14,2019-11-15,3174,118,3292,2195,,0,2,1,https://mailchi.mp/bc3de358f3bb/situation-pidmiologique-du-15-novembre-2019?e=d0c10fcf41
2019-11-15,2019-11-16,3174,118,3292,2195,,0,0,1,https://mailchi.mp/5660b3467491/situation-pidmiologique-du-16-novembre-2019?e=d0c10fcf41
2019-11-16,2019-11-17,3174,118,3292,2195,,0,0,1,https://mailchi.mp/a2875cba3912/situation-pidmiologique-du-16-novembre-3702717?e=d0c10fcf41
2019-11-17,2019-11-18,3178,118,3296,2196,,4,1,1,https://mailchi.mp/dd19e46dfa62/situation-pidmiologique-du-16-novembre-3703681?e=d0c10fcf41
2019-11-18,2019-11-19,3178,118,3296,2197,,0,1,1,https://mailchi.mp/56c649870c95/situation-pidmiologique-du-16-novembre-3704949?e=d0c10fcf41
2019-11-19,2019-11-20,3180,118,3298,2197,,2,0,1,https://mailchi.mp/f503142687f9/situation-pidmiologique-du-16-novembre-3705877?e=d0c10fcf41
2019-11-20,2019-11-21,3180,118,3298,2197,,0,0,1,https://mailchi.mp/4e05eea7942f/situation-pidmiologique-du-16-novembre-3756317?e=d0c10fcf41
2019-11-21,2019-11-22,3181,118,3299,2198,,1,1,1,https://mailchi.mp/7651494dec02/situation-pidmiologique-du-16-novembre-3757685?e=d0c10fcf41
2019-11-22,2019-11-23,3183,118,3301,2198,,2,0,1,https://mailchi.mp/1be036d92816/situation-pidmiologique-du-16-novembre-3758109?e=d0c10fcf41
2019-11-23,2019-11-24,3183,118,3301,2198,,0,0,1,https://mailchi.mp/ce2b079ef5a0/situation-pidmiologique-du-16-novembre-3758637?e=d0c10fcf41
2019-11-24,2019-11-25,3185,118,3303,2199,,2,1,1,https://mailchi.mp/efbbc78e9cfd/situation-pidmiologique-du-16-novembre-3759593?e=d0c10fcf41
2019-11-25,2019-11-26,3186,118,3304,2199,,1,0,1,https://mailchi.mp/f132f2939a06/situation-pidmiologique-du-16-novembre-3761101?e=d0c10fcf41
2019-11-26,2019-11-27,3186,118,3304,2199,,0,0,1,https://mailchi.mp/79e31271bb58/situation-pidmiologique-du-16-novembre-3762505?e=d0c10fcf41
2019-11-27,2019-11-28,3191,118,3309,2201,,5,2,1,https://mailchi.mp/9f5777318ac2/situation-pidmiologique-du-16-novembre-3763317?e=d0c10fcf41
2019-11-28,2019-11-29,3191,118,3309,2201,,0,0,1,https://mailchi.mp/981bf6e80f57/situation-pidmiologique-du-16-novembre-3764445?e=d0c10fcf41
2019-11-29,2019-11-30,3192,118,3310,2202,,1,1,1,https://mailchi.mp/94a293d5551f/situation-pidmiologique-du-16-novembre-3765157?e=d0c10fcf41
2019-11-30,2019-12-01,3195,118,3313,2203,,3,1,1,https://mailchi.mp/ef9e56a6a13d/situation-pidmiologique-du-16-novembre-3765725?e=d0c10fcf41
2019-12-01,2019-12-02,3195,118,3313,2204,,0,1,1,https://mailchi.mp/e43c9f68e487/situation-pidmiologique-du-16-novembre-3767245?e=d0c10fcf41
2019-12-02,2019-12-03,3195,118,3313,2206,,0,2,1,https://mailchi.mp/ebe346dc06cd/situation-pidmiologique-du-16-novembre-3767973?e=d0c10fcf41
2019-12-03,2019-12-04,3195,118,3313,2207,,0,1,1,https://mailchi.mp/ee80a074eab7/situation-pidmiologique-du-16-novembre-3769245?e=d0c10fcf41
2019-12-04,2019-12-05,3200,118,3318,2207,,5,0,1,https://mailchi.mp/fa65ee30438a/situation-pidmiologique-du-16-novembre-3770841?e=d0c10fcf41
2019-12-05,2019-12-06,3202,118,3320,2209,,2,2,1,https://mailchi.mp/aefa0760dd1b/situation-pidmiologique-du-16-novembre-3771389?e=d0c10fcf41
2019-12-06,2019-12-07,3201,118,3319,2209,,-1,0,1,https://mailchi.mp/87a461cdb3dc/situation-pidmiologique-du-16-novembre-3807093?e=d0c10fcf41
2019-12-07,2019-12-08,3202,118,3320,2209,,1,0,1,https://mailchi.mp/cfd75ded9d07/situation-pidmiologique-du-16-novembre-3807641?e=d0c10fcf41
2019-12-08,2019-12-09,3206,118,3324,2209,,4,0,1,https://mailchi.mp/ab4ce0ae5a9e/situation-pidmiologique-du-16-novembre-3808809?e=d0c10fcf41
2019-12-09,2019-12-10,3212,118,3330,2210,,6,1,1,https://mailchi.mp/13e8279b37fc/situation-pidmiologique-du-16-novembre-3809813?e=d0c10fcf41
2019-12-10,2019-12-11,3222,118,3340,2210,,10,0,1,https://mailchi.mp/f89296c380c5/situation-pidmiologique-du-16-novembre-3810521?e=d0c10fcf41
2019-12-11,2019-12-12,3225,118,3343,2210,,3,0,1,https://mailchi.mp/5b151243100d/situation-pidmiologique-du-12-dcembre-2019?e=d0c10fcf41
2019-12-12,2019-12-13,3225,118,3343,2211,,0,1,1,https://mailchi.mp/6d0a5823cea4/situation-pidmiologique-du-13-dcembre-2019?e=d0c10fcf41
2019-12-13,2019-12-14,3226,118,3344,2213,,1,2,1,https://mailchi.mp/d9fc81f7b289/situation-pidmiologique-du-14-dcembre-2019?e=d0c10fcf41
2019-12-14,2019-12-15,3228,118,3346,2213,,2,0,1,https://mailchi.mp/d525f8630e59/situation-pidmiologique-du-15-dcembre-2019?e=d0c10fcf41
2019-12-15,2019-12-16,3230,118,3348,2213,,2,0,1,https://mailchi.mp/3093abe0ea31/situation-pidmiologique-du-16-dcembre-2019?e=d0c10fcf41
2019-12-16,2019-12-17,3231,118,3349,2214,,1,1,1,https://mailchi.mp/a62d772211a1/situation-pidmiologique-17-dcembre-2019?e=d0c10fcf41
2019-12-17,2019-12-18,3233,118,3351,2217,,2,3,1,https://mailchi.mp/c4f62fb7baff/situation-pidmiologique-du-18-dcembre-2019?e=d0c10fcf41
2019-12-18,2019-12-19,3236,118,3354,2220,,3,3,1,https://mailchi.mp/b5d0b68d9025/situation-pidmiologique-du-19-dcembre-2019?e=d0c10fcf41
2019-12-19,2019-12-20,3238,118,3356,2221,,2,1,1,https://mailchi.mp/84152cdc9909/situation-pidmiologique-du-20-dcembre-2019?e=d0c10fcf41
2019-12-20,2019-12-21,3239,118,3357,2223,,1,2,1,https://mailchi.mp/ac54eeb39277/situation-pidmiologique-du-21-dcembre-2019?e=d0c10fcf41
2019-12-21,2019-12-22,3240,118,3358,2224,,1,1,1,https://mailchi.mp/cab7ec379631/situation-pidmiologique-du-22-dcembre-2019?e=d0c10fcf41
2019-12-22,2019-12-23,3244,118,3362,2226,,4,2,1,https://mailchi.mp/b41b8d2e9715/situation-pidmiologique-du-23-dcembre-2019?e=d0c10fcf41
2019-12-23,2019-12-24,3245,118,3363,2227,,1,1,1,https://mailchi.mp/833bb29a2d89/situation-pidmiologique-du-24-dcembre-2019?e=d0c10fcf41
2019-12-24,2019-12-25,3248,118,3366,2227,,3,0,1,https://mailchi.mp/a5869443e07a/situation-pidmiologique-du-25-dcembre-2019?e=d0c10fcf41
2019-12-25,2019-12-26,3253,118,3371,2228,,5,1,1,https://mailchi.mp/953d0b51ace2/situation-pidmiologique-du-26-dcembre-2019?e=d0c10fcf41
2019-12-26,2019-12-27,3254,118,3372,2230,,1,2,1,https://mailchi.mp/6fa70b33ccd5/situation-pidmiologique-du-27-dcembre-2019?e=d0c10fcf41
2019-12-27,2019-12-28,3255,118,3373,2231,,1,1,1,https://mailchi.mp/c6f66cf47793/situation-pidmiologique-du-28-dcembre-2019?e=d0c10fcf41
2019-12-28,2019-12-29,3256,118,3374,2232,,1,1,1,https://mailchi.mp/19d2c8ec369c/situation-pidmiologique-du-29-dcembre-2019?e=d0c10fcf41
2019-12-29,2019-12-30,3258,118,3376,2232,,2,0,1,https://mailchi.mp/9c1b1db7d5f5/situation-pidmiologique-du-30-dcembre-2019?e=d0c10fcf41
2019-12-30,2019-12-31,3259,118,3377,2232,,1,0,1,https://mailchi.mp/65267b752f1f/situation-pidmiologique-du-31-dcembre-2019?e=d0c10fcf41
2019-12-31,2020-01-01,3262,118,3380,2232,,3,0,1,https://mailchi.mp/db7f7c10e954/situation-pidmiologique-du-01-janvier-2020?e=d0c10fcf41
2020-01-01,2020-01-02,3264,118,3382,2232,,2,0,1,https://mailchi.mp/9b711495b082/situation-pidmiologique-du-02-janvier-2020?e=d0c10fcf41
2020-01-02,2020-01-03,3267,118,3385,2232,,3,0,1,https://mailchi.mp/0e77c439bc89/situation-pidmiologique-du-03-janvier-2020?e=66a89c0f39
2020-01-03,2020-01-04,3268,118,3386,2233,,1,1,1,https://mailchi.mp/3d3f3d98a5c9/situation-pidmiologique-du-04-janvier-2020?e=66a89c0f39
2020-01-04,2020-01-05,3270,118,3388,2233,,2,0,1,https://mailchi.mp/27ae624aef29/situation-pidmiologique-du-05-janvier-2020?e=66a89c0f39
2020-01-05,2020-01-06,3272,118,3390,2233,,2,0,1,https://mailchi.mp/e6d74f063f39/situation-pidmiologique-du-06-janvier-2020?e=66a89c0f39
2020-01-06,2020-01-07,3273,118,3391,2234,,1,1,1,https://mailchi.mp/0943bba94c63/situation-pidmiologique-du-07-janvier-2020?e=66a89c0f39
2020-01-07,2020-01-08,3274,118,3392,2235,,1,1,1,https://mailchi.mp/40aa4ca8c849/situation-pidmiologique-du-08-janvier-2020?e=66a89c0f39
2020-01-08,2020-01-09,3274,118,3392,2235,,0,0,1,https://mailchi.mp/7e8a4ac5372c/situation-pidmiologique-du-09-janvier-2020?e=66a89c0f39
2020-01-09,2020-01-10,3275,118,3393,2235,,1,0,1,https://mailchi.mp/9d2be7bd832f/situation-pidmiologique-du-10-janvier-2020?e=66a89c0f39
2020-01-10,2020-01-11,3275,118,3393,2235,,0,0,1,https://mailchi.mp/a4a561d849cd/situation-pidmiologique-du-11-janvier-2020?e=66a89c0f39
2020-01-11,2020-01-12,3277,118,3395,2235,,2,0,1,https://mailchi.mp/a46dba6a290d/situation-pidmiologique-du-12-janvier-2020?e=66a89c0f39
2020-01-12,2020-01-13,3280,118,3398,2235,,3,0,1,https://mailchi.mp/72e002373a2f/situation-pidmiologique-du-13-janvier-2020?e=66a89c0f39
2020-01-13,2020-01-14,3285,118,3403,2236,,5,1,1,https://mailchi.mp/103c9dd0693f/situation-pidmiologique-du-14-janvier-2020?e=66a89c0f39
2020-01-14,2020-01-15,3288,118,3406,2236,,3,0,1,https://mailchi.mp/1e3193ca85b8/situation-pidmiologique-du-16-janvier-2020?e=66a89c0f39
2020-01-15,2020-01-16,3291,118,3409,2236,,3,0,1,https://mailchi.mp/1e3193ca85b8/situation-pidmiologique-du-16-janvier-2020?e=66a89c0f39
2020-01-16,2020-01-17,3292,119,3411,2237,,2,1,1,https://mailchi.mp/2a141d504214/situation-pidmiologique-du-17-janvier-2020?e=66a89c0f39
2020-01-17,2020-01-18,3292,119,3411,2237,,0,0,1,https://mailchi.mp/4ca970409588/situation-pidmiologique-du-18-janvier-2020?e=66a89c0f39
2020-01-18,2020-01-19,3293,119,3412,2237,,1,0,1,https://mailchi.mp/7ba793da0763/situation-pidmiologique-du-19-janvier-2020?e=66a89c0f39
2020-01-19,2020-01-20,3295,119,3414,2237,,2,0,1,https://mailchi.mp/131d62c99bf6/situation-pidmiologique-du-20-janvier-2020?e=d0c10fcf41
2020-01-20,2020-01-21,3297,119,3416,2237,,2,0,1,https://mailchi.mp/b81af32438d0/situation-pidmiologique-du-21-janvier-2020?e=d0c10fcf41
2020-01-21,2020-01-22,3297,119,3416,2238,,0,1,1,https://mailchi.mp/cfd2f0072665/situation-pidmiologique-du-22-janvier-2020?e=d0c10fcf41
2020-01-22,2020-01-23,3297,119,3416,2238,,0,0,1,https://mailchi.mp/40c492f06498/situation-pidmiologique-du-23-janvier-2020?e=d0c10fcf41
2020-01-23,2020-01-24,3297,119,3416,2240,,0,2,1,https://mailchi.mp/d94235c459d3/situation-pidmiologique-du-24-janvier-2020?e=d0c10fcf41
2020-01-24,2020-01-25,3297,119,3416,2240,,0,0,1,https://mailchi.mp/68ccf34223be/situation-pidmiologique-du-25-janvier-2020?e=d0c10fcf41
2020-01-25,2020-01-26,3298,119,3417,2240,,1,0,1,https://mailchi.mp/51a06cae1a1e/situation-pidmiologique-du-26-janvier-2020?e=d0c10fcf41
2020-01-26,2020-01-27,3299,119,3418,2240,,1,0,1,https://mailchi.mp/75cd9bf6d376/situation-pidmiologique-du-27-janvier-2020?e=d0c10fcf41
2020-01-27,2020-01-28,3301,119,3420,2240,,2,0,1,https://mailchi.mp/d901a0b9985b/situation-pidmiologique-du-28-janvier-2020?e=d0c10fcf41
2020-01-28,2020-01-29,3302,119,3421,2242,,1,2,1,https://mailchi.mp/910d5414e402/situation-pidmiologique-du-29-janvier-2020?e=d0c10fcf41
2020-01-29,2020-01-30,3304,119,3423,2244,,2,2,1,https://mailchi.mp/5151d8cef70a/situation-pidmiologique-du-30-janvier-2020?e=d0c10fcf41
2020-01-30,2020-01-31,3304,123,3427,2249,,4,5,1,https://mailchi.mp/d67dcfa9cbea/situation-pidmiologique-du-31-janvier-2020?e=d0c10fcf41
2020-01-31,2020-02-01,3304,123,3427,2250,,0,1,1,https://mailchi.mp/fd82b7131c20/situation-pidmiologique-du-01-fvrier-2020?e=d0c10fcf41
2020-02-01,2020-02-02,3305,123,3428,2250,,1,0,1,https://mailchi.mp/93ad2c2852d5/situation-pidmiologique-du-02-fvrier-2020?e=d0c10fcf41
2020-02-02,2020-02-03,3305,123,3428,2250,,0,0,1,https://mailchi.mp/183d907104e1/situation-pidmiologique-du-03-fvrier-2020?e=d0c10fcf41
2020-02-03,2020-02-04,3305,123,3428,2250,,0,0,1,https://mailchi.mp/f7721620d347/situation-pidmiologique-du-04-fvrier-2020?e=d0c10fcf41
2020-02-04,2020-02-05,3306,123,3429,2251,,1,1,1,https://mailchi.mp/c5928a761cbb/situation-pidmiologique-du-05-fvrier-2020?e=d0c10fcf41
2020-02-05,2020-02-06,3307,123,3430,2251,,1,0,1,https://mailchi.mp/a9eb390e98f3/situation-pidmiologique-du-06-fvrier-2020?e=d0c10fcf41
2020-02-06,2020-02-07,3307,123,3430,2251,,0,0,1,https://mailchi.mp/57619f2ea77b/situation-pidmiologique-du-07-fvrier-2020?e=d0c10fcf41
2020-02-07,2020-02-08,3308,123,3431,2251,,1,0,1,https://mailchi.mp/34759667f7e9/situation-pidmiologique-du-08-fvrier-2020?e=d0c10fcf41
2020-02-08,2020-02-09,3308,123,3431,2251,,0,0,1,https://mailchi.mp/d0aa972ac650/situation-pidmiologique-du-09-fvrier-2020?e=d0c10fcf41
2020-02-09,2020-02-10,3308,123,3431,2253,,0,2,1,https://mailchi.mp/8ba922b376c5/situation-pidmiologique-du-10-fvrier-2020?e=d0c10fcf41
2020-02-10,2020-02-11,3308,123,3431,2253,,0,0,1,https://mailchi.mp/1f53ab50b34d/situation-pidmiologique-du-11-fvrier-2020?e=d0c10fcf41
2020-02-11,2020-02-12,3309,123,3432,2253,,1,0,1,https://mailchi.mp/4e17dfb922eb/situation-pidmiologique-du-12-fvrier-2020?e=d0c10fcf41
2020-02-12,2020-02-13,3309,123,3432,2253,,0,0,1,https://mailchi.mp/48d5ce0b2dbb/situation-pidmiologique-du-13-fvrier-2020?e=2ab4e59d5e
2020-02-13,2020-02-14,3309,123,3432,2253,,0,0,1,https://mailchi.mp/6c38c2a9b6bd/situation-pidmiologique-du-14-fvrier-2020?e=d0c10fcf41
2020-02-14,2020-02-15,3309,123,3432,2253,,0,0,1,https://mailchi.mp/9fe2d420057a/situation-pidmiologique-du-15-fvrier-2020?e=d0c10fcf41
2020-02-15,2020-02-16,3309,123,3432,2253,,0,0,1,https://mailchi.mp/1b14755bac8c/situation-pidmiologique-du-16-fvrier-2020?e=d0c10fcf41
2020-02-16,2020-02-17,3309,123,3432,2253,,0,0,1,https://mailchi.mp/3de2db714731/situation-pidmiologique-du-17-fvrier-2020?e=d0c10fcf41
2020-02-17,2020-02-18,3310,123,3433,2253,,1,0,1,https://mailchi.mp/24963a74e27b/situation-pidmiologique-du-18-fvrier-2020?e=d0c10fcf41
2020-02-18,2020-02-19,3310,123,3433,2253,,0,0,1,https://mailchi.mp/6f278c5a4381/situation-pidmiologique-du-19-fvrier-2020?e=d0c10fcf41
2020-02-19,2020-02-20,3310,123,3433,2253,,0,0,1,https://mailchi.mp/dec47b5cffbb/situation-pidmiologique-du-20-fvrier-2020?e=d0c10fcf41
2020-02-20,2020-02-21,3310,123,3433,2253,,0,0,1,https://mailchi.mp/646507202186/situation-pidmiologique-du-21-fvrier-2020?e=d0c10fcf41
2020-02-21,2020-02-22,3310,123,3433,2253,,0,0,1,https://mailchi.mp/907970fc456f/situation-pidmiologique-du-22-fvrier-2020?e=d0c10fcf41
2020-02-22,2020-02-23,3310,134,3444,2264,,11,11,1,https://mailchi.mp/4f3c40430fa7/situation-pidmiologique-du-23-fvrier-2020?e=d0c10fcf41
2020-02-23,2020-02-24,3310,134,3444,2264,,0,0,1,https://mailchi.mp/0b423bbc48bc/situation-pidmiologique-du-24-fvrier-2020?e=d0c10fcf41
2020-02-24,2020-02-25,3310,134,3444,2264,,0,0,1,https://mailchi.mp/a1d143cd707b/situation-pidmiologique-du-25-fvrier-2020?e=d0c10fcf41
2020-02-25,2020-02-26,3310,134,3444,2264,,0,0,1,https://mailchi.mp/55995292e028/situation-pidmiologique-du-26-fvrier-2020?e=d0c10fcf41
2020-02-26,2020-02-27,3310,134,3444,2264,,0,0,1,https://mailchi.mp/cc40991f3782/situation-pidmiologique-du-27-fvrier-2020?e=d0c10fcf41
2020-02-27,2020-02-28,3310,134,3444,2264,,0,0,1,https://mailchi.mp/d9a856f675b0/situation-pidmiologique-de-28-fvrier-3876189?e=d0c10fcf41
2020-02-28,2020-02-29,3310,134,3444,2264,,0,0,1,https://mailchi.mp/18af4f74faf6/situation-pidmiologique-du-29-fvrier-2020?e=d0c10fcf41
2020-02-29,2020-03-01,3310,134,3444,2264,,0,0,1,https://mailchi.mp/e2e4a307b064/situation-pidmiologique-du-01-mars-2020?e=d0c10fcf41
2020-03-01,2020-03-02,3310,134,3444,2264,,0,0,1,https://mailchi.mp/b483145a8906/situation-pidmiologique-du-02-mars-2020?e=d0c10fcf41
2020-03-02,2020-03-03,3310,134,3444,2264,,0,0,1,https://mailchi.mp/51c0abb985a9/situation-pidmiologique-03-mars-2020?e=d0c10fcf41
2020-03-03,2020-03-04,3310,134,3444,2264,,0,0,1,WHO RAPPORT DE SITUATION N°563
2020-03-04,2020-03-05,3310,134,3444,2264,,0,0,1,WHO RAPPORT DE SITUATION N°564
2020-03-05,2020-03-06,3310,134,3444,2264,,0,0,1,https://mailchi.mp/28e59dc2e728/situation-pidmiologique-du-06-mars-2020
2020-03-07,2020-03-08,3310,134,3444,2264,,0,0,2,https://mailchi.mp/00e5c8dca744/situation-pidmiologique-du-08-fvrier-3882345?e=d0c10fcf41
2020-06-10,2020-06-11,3317,146,3463,2280,,19,16,95,https://mailchi.mp/78e35985ab99/ebola-situation-pidmiologique-du-11-juin-2020?e=d0c10fcf41
2020-06-12,2020-06-14,3317,146,3463,2280,,0,0,2,https://mailchi.mp/6b8f4307b577/ebola-situation-pidmiologique-du-14-juin-2020?e=d0c10fcf41
2020-06-16,2020-06-17,3317,146,3463,2280,,0,0,4,https://mailchi.mp/02a693f1b003/ebola-situation-pidmiologique-du-17-juin-2020?e=d0c10fcf41
2020-06-17,2020-06-18,3317,146,3463,2280,,0,0,1,https://mailchi.mp/42b3103e5b5d/ebola-situation-pidmiologique-du-18-juin-2020?e=d0c10fcf41
